episode,reward,avg_loss,epsilon,global_step
0,21,NaN,0.98955,22
1,31,NaN,0.97435,54
2,14,NaN,0.967225,69
3,12,NaN,0.96105,82
4,71,1.0848604,0.92685,154
5,21,0.48385927,0.9164,176
6,23,0.29844642,0.905,200
7,27,0.5030448,0.8917,228
8,18,1.1248468,0.882675,247
9,29,0.4601483,0.868425,277
10,11,0.42891812,0.862725,289
11,10,0.48760077,0.8575,300
12,23,0.4050692,0.8461,324
13,9,0.9461029,0.84135,334
14,12,0.95043033,0.83517504,347
15,11,0.55991167,0.829475,359
16,23,0.6091029,0.818075,383
17,14,0.71207184,0.81095,398
18,15,0.64280164,0.80335,414
19,19,0.7529379,0.79385,434
20,26,1.094999,0.781025,461
21,17,0.7576859,0.772475,479
22,12,0.9884103,0.76629996,492
23,20,0.65574527,0.756325,513
24,18,1.1831383,0.7473,532
25,11,1.6293014,0.7416,544
26,25,1.178238,0.72925,570
27,78,1.0574281,0.691725,649
28,15,0.99187887,0.684125,665
29,13,1.2673765,0.677475,679
