# adapter: AdapterInfo { name: "NVIDIA GeForce RTX 5060 Laptop GPU", vendor: 4318, device: 11609, device_type: DiscreteGpu, driver: "NVIDIA", driver_info: "616.92", backend: Vulkan }
# GPU buffers reused; upload/download and pipeline initialization excluded
# CPU Tensor::matmul includes output allocation; three trials, alternating GPU order
n,iterations,trial,cpu_ms,naive_ms,tiled_ms
32,100,0,0.000948,0.071523,0.043173
32,100,1,0.001911,0.044729,0.040552
32,100,2,0.001005,0.039017,0.043299
64,100,0,0.005236,0.038040,0.042884
64,100,1,0.006343,0.059636,0.042983
64,100,2,0.005180,0.037668,0.041102
128,100,0,0.037283,0.052964,0.043840
128,100,1,0.036854,0.052970,0.039735
128,100,2,0.037047,0.035766,0.047593
256,100,0,0.308700,0.087180,0.080743
256,100,1,0.303897,0.095553,0.073976
256,100,2,0.324117,0.091320,0.073200
512,100,0,2.915473,0.532297,0.410543
512,100,1,2.948661,0.525806,0.420313
512,100,2,2.753383,0.521925,0.417589
1024,100,0,36.994277,3.937916,3.060577
1024,100,1,38.998903,3.937892,3.054067
1024,100,2,39.551243,3.943004,3.072504
