algorithm,pair,variant,baseline_commit,compute_dispatches,submissions,tensor_allocations,tensor_bytes,tensor_reuses,uploads,upload_bytes,readbacks,readback_bytes,host_waits,backward_dispatches,backward_submissions
td3,1,before,3810158,5861,5005,794,3700596,5336,132,73052,230,1324,231,278,278
td3,1,after,3810158,4836,2023,812,4010448,4290,132,73052,230,1324,231,266,10
td3,2,after,3810158,4836,2023,812,4010448,4290,132,73052,230,1324,231,266,10
td3,2,before,3810158,5861,5005,794,3700596,5336,132,73052,230,1324,231,278,278
td3,3,before,3810158,5861,5005,794,3700596,5336,132,73052,230,1324,231,278,278
td3,3,after,3810158,4836,2023,812,4010448,4290,132,73052,230,1324,231,266,10
sac,1,before,3810158,13135,11876,2153,6264720,12003,213,75392,295,5076,296,728,728
sac,1,after,3810158,11174,6288,2217,6535968,9971,213,75392,295,5076,296,700,35
sac,2,after,3810158,11174,6288,2217,6535968,9971,213,75392,295,5076,296,700,35
sac,2,before,3810158,13135,11876,2153,6264720,12003,213,75392,295,5076,296,728,728
sac,3,before,3810158,13135,11876,2153,6264720,12003,213,75392,295,5076,296,728,728
sac,3,after,3810158,11174,6288,2217,6535968,9971,213,75392,295,5076,296,700,35
