version,run,algorithm,steps,updates,submissions,compute_dispatches,readbacks,readback_bytes,host_waits,host_elapsed_ns,gaussian_readbacks,gaussian_calls
before,1,td3,70,7,6666,6335,331,1324,332,669960847,0,0
before,1,sac,70,7,15097,13828,1269,5076,1270,1313245693,840,84
after,1,td3,70,7,6666,6335,331,1324,332,687350478,0,0
after,1,sac,70,7,14257,13828,429,5076,430,1309645285,84,84
after,2,td3,70,7,6666,6335,331,1324,332,665428101,0,0
after,2,sac,70,7,14257,13828,429,5076,430,1405719572,84,84
before,2,td3,70,7,6666,6335,331,1324,332,657522716,0,0
before,2,sac,70,7,15097,13828,1269,5076,1270,1415159935,840,84
before,3,td3,70,7,6666,6335,331,1324,332,630522880,0,0
before,3,sac,70,7,15097,13828,1269,5076,1270,1382358225,840,84
after,3,td3,70,7,6666,6335,331,1324,332,684293299,0,0
after,3,sac,70,7,14257,13828,429,5076,430,1241194939,84,84
