revision,run,sampler,obs_dim,batch_size,iterations,median_ns_per_batch,allocations
baseline,1,uniform,4,64,20000,2700.1,0
baseline,1,prioritized,4,64,20000,8783.4,20000
baseline,1,continuous,4,64,20000,2817.5,0
baseline,1,uniform,32,256,20000,12300.8,0
baseline,1,prioritized,32,256,20000,37545.7,20000
baseline,1,continuous,32,256,20000,13544.6,0
optimized,1,uniform,4,64,20000,1883.9,0
optimized,1,prioritized,4,64,20000,7565.4,0
optimized,1,continuous,4,64,20000,1731.0,0
optimized,1,uniform,32,256,20000,9003.7,0
optimized,1,prioritized,32,256,20000,28682.0,0
optimized,1,continuous,32,256,20000,7468.4,0
optimized,2,uniform,4,64,20000,1918.1,0
optimized,2,prioritized,4,64,20000,7236.4,0
optimized,2,continuous,4,64,20000,1706.6,0
optimized,2,uniform,32,256,20000,9071.9,0
optimized,2,prioritized,32,256,20000,28850.1,0
optimized,2,continuous,32,256,20000,7655.6,0
baseline,2,uniform,4,64,20000,2724.1,0
baseline,2,prioritized,4,64,20000,8817.8,20000
baseline,2,continuous,4,64,20000,2914.8,0
baseline,2,uniform,32,256,20000,14031.2,0
baseline,2,prioritized,32,256,20000,39572.6,20000
baseline,2,continuous,32,256,20000,15242.2,0
baseline,3,uniform,4,64,20000,2690.8,0
baseline,3,prioritized,4,64,20000,8648.7,20000
baseline,3,continuous,4,64,20000,2695.5,0
baseline,3,uniform,32,256,20000,12750.8,0
baseline,3,prioritized,32,256,20000,37501.9,20000
baseline,3,continuous,32,256,20000,13467.6,0
optimized,3,uniform,4,64,20000,1848.0,0
optimized,3,prioritized,4,64,20000,7389.5,0
optimized,3,continuous,4,64,20000,1709.8,0
optimized,3,uniform,32,256,20000,9091.6,0
optimized,3,prioritized,32,256,20000,29429.7,0
optimized,3,continuous,32,256,20000,7540.5,0
